text,sentiment
my overall view of the system is adequate,neutral
the feature met some expectations but not all,neutral
i would gladly recommend this support to others,positive
the experience was acceptable but not remarkable,neutral
everything about the design felt weak,negative
i found the experience to be fairly standard,neutral
i am satisfied with the performance and its performance,positive
the device has been low quality so far,negative
the order works outstanding,positive
using the device was a wasteful experience,negative
the experience made the whole process difficult,negative
the package did not deliver what i needed,negative
the feature was neither impressive nor disappointing,neutral
the service is awful,negative
the service has been slow so far,negative
everything about the service felt enjoyable,positive
the system was neither impressive nor disappointing,neutral
i was disappointed by how faulty the performance is,negative
the website was okay for my needs,neutral
the service made the whole process difficult,negative
the feature performed at a so-so level,neutral
i would gladly recommend this purchase to others,positive
i had a helpful experience with the website,positive
i would not choose this system again,negative
i would not choose this device again,negative
i am very unhappy with the design,negative
the experience met some expectations but not all,neutral
i had a high quality experience with the device,positive
i would happily choose this package again,positive
the order made the whole process difficult,negative
the delivery felt normal during my use,neutral
i would happily choose this website again,positive
my experience with this product was satisfying,positive
the performance was okay for my needs,neutral
this performance is worse than i expected,negative
the website seems typical to me,neutral
my experience with this performance was faulty,negative
the product has been high quality so far,positive
i would not recommend this interface to others,negative
the service was moderate,neutral
i am really pleased with the experience,positive
using the package was a useless experience,negative
using the experience was a disappointing experience,negative
the order was okay for my needs,neutral
this order is better than i expected,positive
i would not choose this purchase again,negative
using the feature was a horrible experience,negative
the design was reasonable,neutral
i had a horrible experience with the performance,negative
my experience with the purchase was fairly unchanged,neutral
the device made the whole process easy,positive
the experience was neither impressive nor disappointing,neutral
i found the website to be fairly standard,neutral
there was nothing unusual about the package,neutral
i had a impressive experience with the software,positive
this package is worse than i expected,negative
the support did not deliver what i needed,negative
my experience with this feature was pleasant,positive
the support is wasteful,negative
the customer care made the whole process difficult,negative
the order made the whole process easy,positive
the package is inconvenient,negative
this course is better than i expected,positive
i am really pleased with the design,positive
the interface has been unpleasant so far,negative
the support was acceptable but not remarkable,neutral
the performance has been badly designed so far,negative
i would not choose this experience again,negative
i would describe the interface as fairly typical,neutral
using the software was a valuable experience,positive
the service felt normal during my use,neutral
the interface is slow,negative
i would not choose this performance again,negative
i am satisfied with the app and its performance,positive
i would not recommend this design to others,negative
the device has been convenient so far,positive
i have mixed thoughts about the customer care,neutral
there was nothing unusual about the support,neutral
i found the design to be fairly standard,neutral
the app was okay for my needs,neutral
i am impressed by how pleasant the design is,positive
the purchase made the whole process difficult,negative
my experience with this purchase was unpleasant,negative
i have a average opinion of the quality,neutral
the software was neither impressive nor disappointing,neutral
i would not choose this package again,negative
the device seems so-so to me,neutral
everything about the performance felt faulty,negative
using the customer care was a overpriced experience,negative
the software has been dependable so far,positive
the quality felt normal during my use,neutral
the delivery has been pleasant so far,positive
everything about the quality felt delightful,positive
using the website was a dependable experience,positive
i was disappointed by how unhelpful the product is,negative
there was nothing unusual about the interface,neutral
i found the product to be fairly standard,neutral
i would not choose this order again,negative
i have a nothing unusual opinion of the package,neutral
the purchase performed at a average level,neutral
the interface has been smooth so far,positive
the experience seems nothing unusual to me,neutral
my experience with this purchase was dependable,positive
i found the purchase to be fairly standard,neutral
i would describe the course as fairly typical,neutral
the package felt normal during my use,neutral
i had a pleasant experience with the interface,positive
my experience with the quality was fairly standard,neutral
i would gladly recommend this interface to others,positive
my experience with the device was fairly neutral,neutral
the order seems standard to me,neutral
i have a fair opinion of the customer care,neutral
the order failed to meet my expectations,negative
the device felt normal during my use,neutral
the design works useful,positive
my experience with this feature was inconvenient,negative
the experience works reliable,positive
i would gladly recommend this experience to others,positive
using the experience was a brilliant experience,positive
i would gladly recommend this quality to others,positive
my experience with this service was dependable,positive
the system was okay for my needs,neutral
the purchase exceeded my expectations,positive
using the feature was a badly designed experience,negative
this quality is better than i expected,positive
everything about the delivery felt reliable,positive
the package works pleasant,positive
the purchase seems adequate to me,neutral
i would gladly recommend this package to others,positive
the product made the whole process difficult,negative
the feature performed at a neutral level,neutral
i am really pleased with the app,positive
i had a satisfying experience with the service,positive
i am very unhappy with the delivery,negative
i would not choose this product again,negative
i am impressed by how outstanding the quality is,positive
i would not recommend this customer care to others,negative
using the service was a efficient experience,positive
i am very unhappy with the device,negative
i was disappointed by how unsatisfactory the customer care is,negative
my overall view of the performance is moderate,neutral
the service performed at a average level,neutral
the performance was neither impressive nor disappointing,neutral
the website made the whole process easy,positive
the app is unhelpful,negative
my experience with the service was fairly reasonable,neutral
there was nothing unusual about the customer care,neutral
i was disappointed by how confusing the feature is,negative
using the design was a helpful experience,positive
i am very unhappy with the performance,negative
i have a adequate opinion of the experience,neutral
this package is better than i expected,positive
i am impressed by how delightful the quality is,positive
i would happily choose this support again,positive
i would happily choose this service again,positive
the quality met some expectations but not all,neutral
i am dissatisfied with the website and its performance,negative
the package was neither impressive nor disappointing,neutral
i would happily choose this purchase again,positive
using the feature was a unhelpful experience,negative
the performance was acceptable but not remarkable,neutral
my experience with the interface was fairly fair,neutral
the quality was okay for my needs,neutral
my overall view of the service is adequate,neutral
there was nothing unusual about the delivery,neutral
the service did not deliver what i needed,negative
the quality seems neither impressive nor disappointing to me,neutral
the course was okay for my needs,neutral
i have a adequate opinion of the order,neutral
this device is better than i expected,positive
i would describe the design as fairly typical,neutral
i am satisfied with the package and its performance,positive
the experience was okay for my needs,neutral
i would gladly recommend this device to others,positive
the course has been well designed so far,positive
i am impressed by how responsive the system is,positive
i found the system to be fairly standard,neutral
i would describe the service as fairly typical,neutral
i would describe the device as fairly typical,neutral
i had a slow experience with the performance,negative
this design is better than i expected,positive
the delivery is broken,negative
the course seems neither impressive nor disappointing to me,neutral
i had a frustrating experience with the customer care,negative
the website works superb,positive
my overall view of the device is neutral,neutral
using the experience was a terrible experience,negative
the software made the whole process easy,positive
my experience with the website was fairly unchanged,neutral
i am really pleased with the quality,positive
this website is better than i expected,positive
everything about the customer care felt confusing,negative
i would not recommend this delivery to others,negative
everything about the product felt unresponsive,negative
i am satisfied with the feature and its performance,positive
my overall view of the software is ordinary,neutral
my experience with this package was horrible,negative
the support was okay for my needs,neutral
there was nothing unusual about the software,neutral
everything about the experience felt helpful,positive
the design exceeded my expectations,positive
my experience with the software was fairly nothing unusual,neutral
this order is worse than i expected,negative
the delivery delivered exactly what i needed,positive
the experience works outstanding,positive
the feature exceeded my expectations,positive
the order met some expectations but not all,neutral
the purchase performed at a typical level,neutral
everything about the performance felt unreliable,negative
everything about the system felt powerful,positive
i would not choose this customer care again,negative
the package has been wasteful so far,negative
my experience with the customer care was fairly moderate,neutral
the product seems ordinary to me,neutral
i have mixed thoughts about the device,neutral
my experience with this purchase was powerful,positive
i have a typical opinion of the customer care,neutral
my experience with this quality was overpriced,negative
i am very unhappy with the app,negative
the experience delivered exactly what i needed,positive
the order exceeded my expectations,positive
i would happily choose this course again,positive
i have mixed thoughts about the purchase,neutral
the feature delivered exactly what i needed,positive
the app works dependable,positive
there was nothing unusual about the website,neutral
the device has been impressive so far,positive
the system seems acceptable to me,neutral
the purchase met some expectations but not all,neutral
the software failed to meet my expectations,negative
the performance made the whole process difficult,negative
i would describe the feature as fairly typical,neutral
the interface works useful,positive
the experience exceeded my expectations,positive
the quality has been excellent so far,positive
i would gladly recommend this performance to others,positive
i am very unhappy with the interface,negative
my experience with the experience was fairly typical,neutral
there was nothing unusual about the quality,neutral
i would happily choose this delivery again,positive
my overall view of the course is acceptable,neutral
the purchase was okay for my needs,neutral
i had a weak experience with the interface,negative
the performance has been enjoyable so far,positive
the order has been valuable so far,positive
i have mixed thoughts about the package,neutral
the website met some expectations but not all,neutral
the app seems neither impressive nor disappointing to me,neutral
i would not choose this service again,negative
the software was neutral,neutral
the customer care did not deliver what i needed,negative
i am very unhappy with the service,negative
the system met some expectations but not all,neutral
the software works well designed,positive
the design delivered exactly what i needed,positive
the product was okay for my needs,neutral
the experience felt normal during my use,neutral
i am very unhappy with the course,negative
everything about the quality felt satisfying,positive
the performance has been unsatisfactory so far,negative
the package made the whole process difficult,negative
the experience made the whole process easy,positive
my experience with the app was fairly unchanged,neutral
the package delivered exactly what i needed,positive
the interface met some expectations but not all,neutral
i am impressed by how enjoyable the experience is,positive
the performance met some expectations but not all,neutral
i found the order to be fairly standard,neutral
the performance made the whole process easy,positive
everything about the app felt faulty,negative
my experience with the customer care was fairly ordinary,neutral
everything about the interface felt weak,negative
the interface seems standard to me,neutral
my experience with this product was superb,positive
i am satisfied with the design and its performance,positive
i would describe the order as fairly typical,neutral
the service works remarkable,positive
i have mixed thoughts about the design,neutral
the app works well designed,positive
the course exceeded my expectations,positive
i am dissatisfied with the order and its performance,negative
i would not recommend this order to others,negative
the interface made the whole process easy,positive
i am impressed by how impressive the experience is,positive
the software performed at a average level,neutral
my experience with this package was overpriced,negative
the interface was okay for my needs,neutral
the feature was standard,neutral
the interface made the whole process difficult,negative
everything about the app felt annoying,negative
i had a superb experience with the delivery,positive
i would not recommend this performance to others,negative
i am impressed by how well designed the app is,positive
my experience with the order was fairly acceptable,neutral
the purchase is frustrating,negative
i have mixed thoughts about the software,neutral
i would not choose this course again,negative
the app was neither impressive nor disappointing,neutral
i have a typical opinion of the purchase,neutral
i was disappointed by how inconvenient the product is,negative
i found the device to be fairly standard,neutral
the purchase felt normal during my use,neutral
i would happily choose this order again,positive
i was disappointed by how annoying the system is,negative
my experience with this quality was pleasant,positive
my overall view of the feature is neither impressive nor disappointing,neutral
i am satisfied with the quality and its performance,positive
the app works delightful,positive
the product exceeded my expectations,positive
i am very unhappy with the support,negative
i had a unsatisfactory experience with the interface,negative
the system has been impressive so far,positive
the experience is horrible,negative
the feature made the whole process easy,positive
the performance failed to meet my expectations,negative
using the software was a smooth experience,positive
the support performed at a neutral level,neutral
my experience with the customer care was fairly neither impressive nor disappointing,neutral
i am dissatisfied with the product and its performance,negative
the interface has been inconsistent so far,negative
using the course was a useful experience,positive
i was disappointed by how inconsistent the app is,negative
this delivery is worse than i expected,negative
i would happily choose this performance again,positive
the system is poor,negative
the quality is inconsistent,negative
the customer care was neither impressive nor disappointing,neutral
i was disappointed by how slow the service is,negative
i had a overpriced experience with the system,negative
i am really pleased with the product,positive
i am satisfied with the software and its performance,positive
the software felt normal during my use,neutral
there was nothing unusual about the performance,neutral
the product did not deliver what i needed,negative
this interface is better than i expected,positive
the experience has been frustrating so far,negative
the software met some expectations but not all,neutral
the product was acceptable but not remarkable,neutral
i am impressed by how pleasant the order is,positive
the experience seems fair to me,neutral
the quality seems acceptable to me,neutral
the performance did not deliver what i needed,negative
i was disappointed by how faulty the website is,negative
the interface delivered exactly what i needed,positive
i had a excellent experience with the order,positive
my experience with this product was badly designed,negative
i would not choose this interface again,negative
i am dissatisfied with the experience and its performance,negative
the design met some expectations but not all,neutral
i was disappointed by how unresponsive the app is,negative
i had a weak experience with the product,negative
the purchase was acceptable but not remarkable,neutral
my experience with this customer care was weak,negative
my experience with the feature was fairly nothing unusual,neutral
the quality is broken,negative
using the system was a unpleasant experience,negative
the service delivered exactly what i needed,positive
the delivery was neither impressive nor disappointing,neutral
i found the software to be fairly standard,neutral
i would happily choose this app again,positive
i would not choose this design again,negative
the delivery made the whole process easy,positive
my experience with this course was great,positive
i would not recommend this course to others,negative
the feature made the whole process difficult,negative
my experience with the app was fairly ordinary,neutral
using the support was a great experience,positive
i would not recommend this experience to others,negative
this website is worse than i expected,negative
the customer care met some expectations but not all,neutral
the interface did not deliver what i needed,negative
i had a powerful experience with the feature,positive
this feature is better than i expected,positive
i am very unhappy with the customer care,negative
i would not choose this website again,negative
i had a confusing experience with the package,negative
the service exceeded my expectations,positive
i would not recommend this website to others,negative
i am satisfied with the experience and its performance,positive
i am satisfied with the course and its performance,positive
the course was acceptable but not remarkable,neutral
i am impressed by how superb the customer care is,positive
i was disappointed by how weak the software is,negative
everything about the product felt horrible,negative
i would not choose this quality again,negative
the design did not deliver what i needed,negative
i have mixed thoughts about the course,neutral
i would not recommend this support to others,negative
i had a disappointing experience with the quality,negative
i am dissatisfied with the system and its performance,negative
the customer care performed at a reasonable level,neutral
everything about the package felt annoying,negative
this device is worse than i expected,negative
the delivery is wasteful,negative
my experience with this customer care was brilliant,positive
i am impressed by how great the order is,positive
the website was acceptable but not remarkable,neutral
the customer care felt normal during my use,neutral
the quality performed at a average level,neutral
the service works useful,positive
i am dissatisfied with the interface and its performance,negative
the feature has been outstanding so far,positive
using the service was a fantastic experience,positive
i am really pleased with the software,positive
the experience works useful,positive
i would gladly recommend this website to others,positive
i would happily choose this system again,positive
the feature works excellent,positive
this course is worse than i expected,negative
i have mixed thoughts about the app,neutral
i am very unhappy with the quality,negative
i had a faulty experience with the design,negative
the interface was nothing unusual,neutral
i am really pleased with the interface,positive
the quality performed at a ordinary level,neutral
i am dissatisfied with the course and its performance,negative
there was nothing unusual about the product,neutral
the order is low quality,negative
i was disappointed by how low quality the quality is,negative
i would describe the app as fairly typical,neutral
the software has been powerful so far,positive
the service was okay for my needs,neutral
i had a poor experience with the product,negative
using the app was a excellent experience,positive
the interface has been slow so far,negative
the app seems adequate to me,neutral
i had a powerful experience with the support,positive
my overall view of the website is moderate,neutral
i had a dependable experience with the experience,positive
i had a slow experience with the support,negative
using the order was a useless experience,negative
everything about the customer care felt disappointing,negative
the software was okay for my needs,neutral
i am impressed by how fantastic the device is,positive
i am impressed by how dependable the product is,positive
the service performed at a so-so level,neutral
i have mixed thoughts about the feature,neutral
my experience with this performance was impressive,positive
everything about the quality felt faulty,negative
my overall view of the order is unchanged,neutral
the website was neither impressive nor disappointing,neutral
the device seems adequate to me,neutral
my experience with this customer care was unpleasant,negative
there was nothing unusual about the design,neutral
the customer care has been dependable so far,positive
the course works high quality,positive
i would happily choose this product again,positive
my overall view of the experience is adequate,neutral
i would happily choose this design again,positive
the course felt normal during my use,neutral
using the support was a faulty experience,negative
my experience with this software was overpriced,negative
my overall view of the customer care is acceptable,neutral
i am dissatisfied with the quality and its performance,negative
i am very unhappy with the system,negative
the support failed to meet my expectations,negative
the support is terrible,negative
i would gladly recommend this delivery to others,positive
i have mixed thoughts about the website,neutral
i am impressed by how pleasant the purchase is,positive
using the app was a low quality experience,negative
the customer care exceeded my expectations,positive
i was disappointed by how inconvenient the device is,negative
the app exceeded my expectations,positive
the interface was neither impressive nor disappointing,neutral
the support met some expectations but not all,neutral
the device failed to meet my expectations,negative
the interface exceeded my expectations,positive
i had a horrible experience with the customer care,negative
the device seems neither impressive nor disappointing to me,neutral
i would describe the system as fairly typical,neutral
the service was reasonable,neutral
the experience is unreliable,negative
the experience did not deliver what i needed,negative
this experience is better than i expected,positive
the purchase was fair,neutral
everything about the support felt unsatisfactory,negative
i had a disappointing experience with the support,negative
the purchase delivered exactly what i needed,positive
the support exceeded my expectations,positive
i am dissatisfied with the purchase and its performance,negative
the order was acceptable but not remarkable,neutral
the experience is useless,negative
i found the package to be fairly standard,neutral
i am really pleased with the website,positive
the system made the whole process difficult,negative
the quality made the whole process easy,positive
this purchase is better than i expected,positive
the course met some expectations but not all,neutral
the quality exceeded my expectations,positive
the device was neither impressive nor disappointing,neutral
i am satisfied with the system and its performance,positive
the device met some expectations but not all,neutral
the app has been superb so far,positive
everything about the delivery felt impressive,positive
the quality works impressive,positive
this app is better than i expected,positive
everything about the purchase felt disappointing,negative
this experience is worse than i expected,negative
the course made the whole process easy,positive
